sku,name,description,price
SKU1,Product 1,Test product,1
SKU2,Product 2,Test product,2
SKU3,Product 3,Test product,3
SKU4,Product 4,Test product,4
SKU5,Product 5,Test product,5
SKU6,Product 6,Test product,6
SKU7,Product 7,Test product,7
SKU8,Product 8,Test product,8
SKU9,Product 9,Test product,9
SKU10,Product 10,Test product,10
SKU11,Product 11,Test product,11
SKU12,Product 12,Test product,12
SKU13,Product 13,Test product,13
SKU14,Product 14,Test product,14
SKU15,Product 15,Test product,15
SKU16,Product 16,Test product,16
SKU17,Product 17,Test product,17
SKU18,Product 18,Test product,18
SKU19,Product 19,Test product,19
SKU20,Product 20,Test product,20
SKU21,Product 21,Test product,21
SKU22,Product 22,Test product,22
SKU23,Product 23,Test product,23
SKU24,Product 24,Test product,24
SKU25,Product 25,Test product,25
SKU26,Product 26,Test product,26
SKU27,Product 27,Test product,27
SKU28,Product 28,Test product,28
SKU29,Product 29,Test product,29
SKU30,Product 30,Test product,30
SKU31,Product 31,Test product,31
SKU32,Product 32,Test product,32
SKU33,Product 33,Test product,33
SKU34,Product 34,Test product,34
SKU35,Product 35,Test product,35
SKU36,Product 36,Test product,36
SKU37,Product 37,Test product,37
SKU38,Product 38,Test product,38
SKU39,Product 39,Test product,39
SKU40,Product 40,Test product,40
SKU41,Product 41,Test product,41
SKU42,Product 42,Test product,42
SKU43,Product 43,Test product,43
SKU44,Product 44,Test product,44
SKU45,Product 45,Test product,45
SKU46,Product 46,Test product,46
SKU47,Product 47,Test product,47
SKU48,Product 48,Test product,48
SKU49,Product 49,Test product,49
SKU50,Product 50,Test product,50
SKU51,Product 51,Test product,51
SKU52,Product 52,Test product,52
SKU53,Product 53,Test product,53
SKU54,Product 54,Test product,54
SKU55,Product 55,Test product,55
SKU56,Product 56,Test product,56
SKU57,Product 57,Test product,57
SKU58,Product 58,Test product,58
SKU59,Product 59,Test product,59
SKU60,Product 60,Test product,60
SKU61,Product 61,Test product,61
SKU62,Product 62,Test product,62
SKU63,Product 63,Test product,63
SKU64,Product 64,Test product,64
SKU65,Product 65,Test product,65
SKU66,Product 66,Test product,66
SKU67,Product 67,Test product,67
SKU68,Product 68,Test product,68
SKU69,Product 69,Test product,69
SKU70,Product 70,Test product,70
SKU71,Product 71,Test product,71
SKU72,Product 72,Test product,72
SKU73,Product 73,Test product,73
SKU74,Product 74,Test product,74
SKU75,Product 75,Test product,75
SKU76,Product 76,Test product,76
SKU77,Product 77,Test product,77
SKU78,Product 78,Test product,78
SKU79,Product 79,Test product,79
SKU80,Product 80,Test product,80
SKU81,Product 81,Test product,81
SKU82,Product 82,Test product,82
SKU83,Product 83,Test product,83
SKU84,Product 84,Test product,84
SKU85,Product 85,Test product,85
SKU86,Product 86,Test product,86
SKU87,Product 87,Test product,87
SKU88,Product 88,Test product,88
SKU89,Product 89,Test product,89
SKU90,Product 90,Test product,90
SKU91,Product 91,Test product,91
SKU92,Product 92,Test product,92
SKU93,Product 93,Test product,93
SKU94,Product 94,Test product,94
SKU95,Product 95,Test product,95
SKU96,Product 96,Test product,96
SKU97,Product 97,Test product,97
SKU98,Product 98,Test product,98
SKU99,Product 99,Test product,99
SKU100,Product 100,Test product,100
SKU101,Product 101,Test product,101
SKU102,Product 102,Test product,102
SKU103,Product 103,Test product,103
SKU104,Product 104,Test product,104
SKU105,Product 105,Test product,105
SKU106,Product 106,Test product,106
SKU107,Product 107,Test product,107
SKU108,Product 108,Test product,108
SKU109,Product 109,Test product,109
SKU110,Product 110,Test product,110
SKU111,Product 111,Test product,111
SKU112,Product 112,Test product,112
SKU113,Product 113,Test product,113
SKU114,Product 114,Test product,114
SKU115,Product 115,Test product,115
SKU116,Product 116,Test product,116
SKU117,Product 117,Test product,117
SKU118,Product 118,Test product,118
SKU119,Product 119,Test product,119
SKU120,Product 120,Test product,120
SKU121,Product 121,Test product,121
SKU122,Product 122,Test product,122
SKU123,Product 123,Test product,123
SKU124,Product 124,Test product,124
SKU125,Product 125,Test product,125
SKU126,Product 126,Test product,126
SKU127,Product 127,Test product,127
SKU128,Product 128,Test product,128
SKU129,Product 129,Test product,129
SKU130,Product 130,Test product,130
SKU131,Product 131,Test product,131
SKU132,Product 132,Test product,132
SKU133,Product 133,Test product,133
SKU134,Product 134,Test product,134
SKU135,Product 135,Test product,135
SKU136,Product 136,Test product,136
SKU137,Product 137,Test product,137
SKU138,Product 138,Test product,138
SKU139,Product 139,Test product,139
SKU140,Product 140,Test product,140
SKU141,Product 141,Test product,141
SKU142,Product 142,Test product,142
SKU143,Product 143,Test product,143
SKU144,Product 144,Test product,144
SKU145,Product 145,Test product,145
SKU146,Product 146,Test product,146
SKU147,Product 147,Test product,147
SKU148,Product 148,Test product,148
SKU149,Product 149,Test product,149
SKU150,Product 150,Test product,150
SKU151,Product 151,Test product,151
SKU152,Product 152,Test product,152
SKU153,Product 153,Test product,153
SKU154,Product 154,Test product,154
SKU155,Product 155,Test product,155
SKU156,Product 156,Test product,156
SKU157,Product 157,Test product,157
SKU158,Product 158,Test product,158
SKU159,Product 159,Test product,159
SKU160,Product 160,Test product,160
SKU161,Product 161,Test product,161
SKU162,Product 162,Test product,162
SKU163,Product 163,Test product,163
SKU164,Product 164,Test product,164
SKU165,Product 165,Test product,165
SKU166,Product 166,Test product,166
SKU167,Product 167,Test product,167
SKU168,Product 168,Test product,168
SKU169,Product 169,Test product,169
SKU170,Product 170,Test product,170
SKU171,Product 171,Test product,171
SKU172,Product 172,Test product,172
SKU173,Product 173,Test product,173
SKU174,Product 174,Test product,174
SKU175,Product 175,Test product,175
SKU176,Product 176,Test product,176
SKU177,Product 177,Test product,177
SKU178,Product 178,Test product,178
SKU179,Product 179,Test product,179
SKU180,Product 180,Test product,180
SKU181,Product 181,Test product,181
SKU182,Product 182,Test product,182
SKU183,Product 183,Test product,183
SKU184,Product 184,Test product,184
SKU185,Product 185,Test product,185
SKU186,Product 186,Test product,186
SKU187,Product 187,Test product,187
SKU188,Product 188,Test product,188
SKU189,Product 189,Test product,189
SKU190,Product 190,Test product,190
SKU191,Product 191,Test product,191
SKU192,Product 192,Test product,192
SKU193,Product 193,Test product,193
SKU194,Product 194,Test product,194
SKU195,Product 195,Test product,195
SKU196,Product 196,Test product,196
SKU197,Product 197,Test product,197
SKU198,Product 198,Test product,198
SKU199,Product 199,Test product,199
SKU200,Product 200,Test product,200
SKU201,Product 201,Test product,201
SKU202,Product 202,Test product,202
SKU203,Product 203,Test product,203
SKU204,Product 204,Test product,204
SKU205,Product 205,Test product,205
SKU206,Product 206,Test product,206
SKU207,Product 207,Test product,207
SKU208,Product 208,Test product,208
SKU209,Product 209,Test product,209
SKU210,Product 210,Test product,210
SKU211,Product 211,Test product,211
SKU212,Product 212,Test product,212
SKU213,Product 213,Test product,213
SKU214,Product 214,Test product,214
SKU215,Product 215,Test product,215
SKU216,Product 216,Test product,216
SKU217,Product 217,Test product,217
SKU218,Product 218,Test product,218
SKU219,Product 219,Test product,219
SKU220,Product 220,Test product,220
SKU221,Product 221,Test product,221
SKU222,Product 222,Test product,222
SKU223,Product 223,Test product,223
SKU224,Product 224,Test product,224
SKU225,Product 225,Test product,225
SKU226,Product 226,Test product,226
SKU227,Product 227,Test product,227
SKU228,Product 228,Test product,228
SKU229,Product 229,Test product,229
SKU230,Product 230,Test product,230
SKU231,Product 231,Test product,231
SKU232,Product 232,Test product,232
SKU233,Product 233,Test product,233
SKU234,Product 234,Test product,234
SKU235,Product 235,Test product,235
SKU236,Product 236,Test product,236
SKU237,Product 237,Test product,237
SKU238,Product 238,Test product,238
SKU239,Product 239,Test product,239
SKU240,Product 240,Test product,240
SKU241,Product 241,Test product,241
SKU242,Product 242,Test product,242
SKU243,Product 243,Test product,243
SKU244,Product 244,Test product,244
SKU245,Product 245,Test product,245
SKU246,Product 246,Test product,246
SKU247,Product 247,Test product,247
SKU248,Product 248,Test product,248
SKU249,Product 249,Test product,249
SKU250,Product 250,Test product,250
SKU251,Product 251,Test product,251
SKU252,Product 252,Test product,252
SKU253,Product 253,Test product,253
SKU254,Product 254,Test product,254
SKU255,Product 255,Test product,255
SKU256,Product 256,Test product,256
SKU257,Product 257,Test product,257
SKU258,Product 258,Test product,258
SKU259,Product 259,Test product,259
SKU260,Product 260,Test product,260
SKU261,Product 261,Test product,261
SKU262,Product 262,Test product,262
SKU263,Product 263,Test product,263
SKU264,Product 264,Test product,264
SKU265,Product 265,Test product,265
SKU266,Product 266,Test product,266
SKU267,Product 267,Test product,267
SKU268,Product 268,Test product,268
SKU269,Product 269,Test product,269
SKU270,Product 270,Test product,270
SKU271,Product 271,Test product,271
SKU272,Product 272,Test product,272
SKU273,Product 273,Test product,273
SKU274,Product 274,Test product,274
SKU275,Product 275,Test product,275
SKU276,Product 276,Test product,276
SKU277,Product 277,Test product,277
SKU278,Product 278,Test product,278
SKU279,Product 279,Test product,279
SKU280,Product 280,Test product,280
SKU281,Product 281,Test product,281
SKU282,Product 282,Test product,282
SKU283,Product 283,Test product,283
SKU284,Product 284,Test product,284
SKU285,Product 285,Test product,285
SKU286,Product 286,Test product,286
SKU287,Product 287,Test product,287
SKU288,Product 288,Test product,288
SKU289,Product 289,Test product,289
SKU290,Product 290,Test product,290
SKU291,Product 291,Test product,291
SKU292,Product 292,Test product,292
SKU293,Product 293,Test product,293
SKU294,Product 294,Test product,294
SKU295,Product 295,Test product,295
SKU296,Product 296,Test product,296
SKU297,Product 297,Test product,297
SKU298,Product 298,Test product,298
SKU299,Product 299,Test product,299
SKU300,Product 300,Test product,300
SKU301,Product 301,Test product,301
SKU302,Product 302,Test product,302
SKU303,Product 303,Test product,303
SKU304,Product 304,Test product,304
SKU305,Product 305,Test product,305
SKU306,Product 306,Test product,306
SKU307,Product 307,Test product,307
SKU308,Product 308,Test product,308
SKU309,Product 309,Test product,309
SKU310,Product 310,Test product,310
SKU311,Product 311,Test product,311
SKU312,Product 312,Test product,312
SKU313,Product 313,Test product,313
SKU314,Product 314,Test product,314
SKU315,Product 315,Test product,315
SKU316,Product 316,Test product,316
SKU317,Product 317,Test product,317
SKU318,Product 318,Test product,318
SKU319,Product 319,Test product,319
SKU320,Product 320,Test product,320
SKU321,Product 321,Test product,321
SKU322,Product 322,Test product,322
SKU323,Product 323,Test product,323
SKU324,Product 324,Test product,324
SKU325,Product 325,Test product,325
SKU326,Product 326,Test product,326
SKU327,Product 327,Test product,327
SKU328,Product 328,Test product,328
SKU329,Product 329,Test product,329
SKU330,Product 330,Test product,330
SKU331,Product 331,Test product,331
SKU332,Product 332,Test product,332
SKU333,Product 333,Test product,333
SKU334,Product 334,Test product,334
SKU335,Product 335,Test product,335
SKU336,Product 336,Test product,336
SKU337,Product 337,Test product,337
SKU338,Product 338,Test product,338
SKU339,Product 339,Test product,339
SKU340,Product 340,Test product,340
SKU341,Product 341,Test product,341
SKU342,Product 342,Test product,342
SKU343,Product 343,Test product,343
SKU344,Product 344,Test product,344
SKU345,Product 345,Test product,345
SKU346,Product 346,Test product,346
SKU347,Product 347,Test product,347
SKU348,Product 348,Test product,348
SKU349,Product 349,Test product,349
SKU350,Product 350,Test product,350
SKU351,Product 351,Test product,351
SKU352,Product 352,Test product,352
SKU353,Product 353,Test product,353
SKU354,Product 354,Test product,354
SKU355,Product 355,Test product,355
SKU356,Product 356,Test product,356
SKU357,Product 357,Test product,357
SKU358,Product 358,Test product,358
SKU359,Product 359,Test product,359
SKU360,Product 360,Test product,360
SKU361,Product 361,Test product,361
SKU362,Product 362,Test product,362
SKU363,Product 363,Test product,363
SKU364,Product 364,Test product,364
SKU365,Product 365,Test product,365
SKU366,Product 366,Test product,366
SKU367,Product 367,Test product,367
SKU368,Product 368,Test product,368
SKU369,Product 369,Test product,369
SKU370,Product 370,Test product,370
SKU371,Product 371,Test product,371
SKU372,Product 372,Test product,372
SKU373,Product 373,Test product,373
SKU374,Product 374,Test product,374
SKU375,Product 375,Test product,375
SKU376,Product 376,Test product,376
SKU377,Product 377,Test product,377
SKU378,Product 378,Test product,378
SKU379,Product 379,Test product,379
SKU380,Product 380,Test product,380
SKU381,Product 381,Test product,381
SKU382,Product 382,Test product,382
SKU383,Product 383,Test product,383
SKU384,Product 384,Test product,384
SKU385,Product 385,Test product,385
SKU386,Product 386,Test product,386
SKU387,Product 387,Test product,387
SKU388,Product 388,Test product,388
SKU389,Product 389,Test product,389
SKU390,Product 390,Test product,390
SKU391,Product 391,Test product,391
SKU392,Product 392,Test product,392
SKU393,Product 393,Test product,393
SKU394,Product 394,Test product,394
SKU395,Product 395,Test product,395
SKU396,Product 396,Test product,396
SKU397,Product 397,Test product,397
SKU398,Product 398,Test product,398
SKU399,Product 399,Test product,399
SKU400,Product 400,Test product,400
SKU401,Product 401,Test product,401
SKU402,Product 402,Test product,402
SKU403,Product 403,Test product,403
SKU404,Product 404,Test product,404
SKU405,Product 405,Test product,405
SKU406,Product 406,Test product,406
SKU407,Product 407,Test product,407
SKU408,Product 408,Test product,408
SKU409,Product 409,Test product,409
SKU410,Product 410,Test product,410
SKU411,Product 411,Test product,411
SKU412,Product 412,Test product,412
SKU413,Product 413,Test product,413
SKU414,Product 414,Test product,414
SKU415,Product 415,Test product,415
SKU416,Product 416,Test product,416
SKU417,Product 417,Test product,417
SKU418,Product 418,Test product,418
SKU419,Product 419,Test product,419
SKU420,Product 420,Test product,420
SKU421,Product 421,Test product,421
SKU422,Product 422,Test product,422
SKU423,Product 423,Test product,423
SKU424,Product 424,Test product,424
SKU425,Product 425,Test product,425
SKU426,Product 426,Test product,426
SKU427,Product 427,Test product,427
SKU428,Product 428,Test product,428
SKU429,Product 429,Test product,429
SKU430,Product 430,Test product,430
SKU431,Product 431,Test product,431
SKU432,Product 432,Test product,432
SKU433,Product 433,Test product,433
SKU434,Product 434,Test product,434
SKU435,Product 435,Test product,435
SKU436,Product 436,Test product,436
SKU437,Product 437,Test product,437
SKU438,Product 438,Test product,438
SKU439,Product 439,Test product,439
SKU440,Product 440,Test product,440
SKU441,Product 441,Test product,441
SKU442,Product 442,Test product,442
SKU443,Product 443,Test product,443
SKU444,Product 444,Test product,444
SKU445,Product 445,Test product,445
SKU446,Product 446,Test product,446
SKU447,Product 447,Test product,447
SKU448,Product 448,Test product,448
SKU449,Product 449,Test product,449
SKU450,Product 450,Test product,450
SKU451,Product 451,Test product,451
SKU452,Product 452,Test product,452
SKU453,Product 453,Test product,453
SKU454,Product 454,Test product,454
SKU455,Product 455,Test product,455
SKU456,Product 456,Test product,456
SKU457,Product 457,Test product,457
SKU458,Product 458,Test product,458
SKU459,Product 459,Test product,459
SKU460,Product 460,Test product,460
SKU461,Product 461,Test product,461
SKU462,Product 462,Test product,462
SKU463,Product 463,Test product,463
SKU464,Product 464,Test product,464
SKU465,Product 465,Test product,465
SKU466,Product 466,Test product,466
SKU467,Product 467,Test product,467
SKU468,Product 468,Test product,468
SKU469,Product 469,Test product,469
SKU470,Product 470,Test product,470
SKU471,Product 471,Test product,471
SKU472,Product 472,Test product,472
SKU473,Product 473,Test product,473
SKU474,Product 474,Test product,474
SKU475,Product 475,Test product,475
SKU476,Product 476,Test product,476
SKU477,Product 477,Test product,477
SKU478,Product 478,Test product,478
SKU479,Product 479,Test product,479
SKU480,Product 480,Test product,480
SKU481,Product 481,Test product,481
SKU482,Product 482,Test product,482
SKU483,Product 483,Test product,483
SKU484,Product 484,Test product,484
SKU485,Product 485,Test product,485
SKU486,Product 486,Test product,486
SKU487,Product 487,Test product,487
SKU488,Product 488,Test product,488
SKU489,Product 489,Test product,489
SKU490,Product 490,Test product,490
SKU491,Product 491,Test product,491
SKU492,Product 492,Test product,492
SKU493,Product 493,Test product,493
SKU494,Product 494,Test product,494
SKU495,Product 495,Test product,495
SKU496,Product 496,Test product,496
SKU497,Product 497,Test product,497
SKU498,Product 498,Test product,498
SKU499,Product 499,Test product,499
SKU500,Product 500,Test product,500
SKU501,Product 501,Test product,501
SKU502,Product 502,Test product,502
SKU503,Product 503,Test product,503
SKU504,Product 504,Test product,504
SKU505,Product 505,Test product,505
SKU506,Product 506,Test product,506
SKU507,Product 507,Test product,507
SKU508,Product 508,Test product,508
SKU509,Product 509,Test product,509
SKU510,Product 510,Test product,510
SKU511,Product 511,Test product,511
SKU512,Product 512,Test product,512
SKU513,Product 513,Test product,513
SKU514,Product 514,Test product,514
SKU515,Product 515,Test product,515
SKU516,Product 516,Test product,516
SKU517,Product 517,Test product,517
SKU518,Product 518,Test product,518
SKU519,Product 519,Test product,519
SKU520,Product 520,Test product,520
SKU521,Product 521,Test product,521
SKU522,Product 522,Test product,522
SKU523,Product 523,Test product,523
SKU524,Product 524,Test product,524
SKU525,Product 525,Test product,525
SKU526,Product 526,Test product,526
SKU527,Product 527,Test product,527
SKU528,Product 528,Test product,528
SKU529,Product 529,Test product,529
SKU530,Product 530,Test product,530
SKU531,Product 531,Test product,531
SKU532,Product 532,Test product,532
SKU533,Product 533,Test product,533
SKU534,Product 534,Test product,534
SKU535,Product 535,Test product,535
SKU536,Product 536,Test product,536
SKU537,Product 537,Test product,537
SKU538,Product 538,Test product,538
SKU539,Product 539,Test product,539
SKU540,Product 540,Test product,540
SKU541,Product 541,Test product,541
SKU542,Product 542,Test product,542
SKU543,Product 543,Test product,543
SKU544,Product 544,Test product,544
SKU545,Product 545,Test product,545
SKU546,Product 546,Test product,546
SKU547,Product 547,Test product,547
SKU548,Product 548,Test product,548
SKU549,Product 549,Test product,549
SKU550,Product 550,Test product,550
SKU551,Product 551,Test product,551
SKU552,Product 552,Test product,552
SKU553,Product 553,Test product,553
SKU554,Product 554,Test product,554
SKU555,Product 555,Test product,555
SKU556,Product 556,Test product,556
SKU557,Product 557,Test product,557
SKU558,Product 558,Test product,558
SKU559,Product 559,Test product,559
SKU560,Product 560,Test product,560
SKU561,Product 561,Test product,561
SKU562,Product 562,Test product,562
SKU563,Product 563,Test product,563
SKU564,Product 564,Test product,564
SKU565,Product 565,Test product,565
SKU566,Product 566,Test product,566
SKU567,Product 567,Test product,567
SKU568,Product 568,Test product,568
SKU569,Product 569,Test product,569
SKU570,Product 570,Test product,570
SKU571,Product 571,Test product,571
SKU572,Product 572,Test product,572
SKU573,Product 573,Test product,573
SKU574,Product 574,Test product,574
SKU575,Product 575,Test product,575
SKU576,Product 576,Test product,576
SKU577,Product 577,Test product,577
SKU578,Product 578,Test product,578
SKU579,Product 579,Test product,579
SKU580,Product 580,Test product,580
SKU581,Product 581,Test product,581
SKU582,Product 582,Test product,582
SKU583,Product 583,Test product,583
SKU584,Product 584,Test product,584
SKU585,Product 585,Test product,585
SKU586,Product 586,Test product,586
SKU587,Product 587,Test product,587
SKU588,Product 588,Test product,588
SKU589,Product 589,Test product,589
SKU590,Product 590,Test product,590
SKU591,Product 591,Test product,591
SKU592,Product 592,Test product,592
SKU593,Product 593,Test product,593
SKU594,Product 594,Test product,594
SKU595,Product 595,Test product,595
SKU596,Product 596,Test product,596
SKU597,Product 597,Test product,597
SKU598,Product 598,Test product,598
SKU599,Product 599,Test product,599
SKU600,Product 600,Test product,600
SKU601,Product 601,Test product,601
SKU602,Product 602,Test product,602
SKU603,Product 603,Test product,603
SKU604,Product 604,Test product,604
SKU605,Product 605,Test product,605
SKU606,Product 606,Test product,606
SKU607,Product 607,Test product,607
SKU608,Product 608,Test product,608
SKU609,Product 609,Test product,609
SKU610,Product 610,Test product,610
SKU611,Product 611,Test product,611
SKU612,Product 612,Test product,612
SKU613,Product 613,Test product,613
SKU614,Product 614,Test product,614
SKU615,Product 615,Test product,615
SKU616,Product 616,Test product,616
SKU617,Product 617,Test product,617
SKU618,Product 618,Test product,618
SKU619,Product 619,Test product,619
SKU620,Product 620,Test product,620
SKU621,Product 621,Test product,621
SKU622,Product 622,Test product,622
SKU623,Product 623,Test product,623
SKU624,Product 624,Test product,624
SKU625,Product 625,Test product,625
SKU626,Product 626,Test product,626
SKU627,Product 627,Test product,627
SKU628,Product 628,Test product,628
SKU629,Product 629,Test product,629
SKU630,Product 630,Test product,630
SKU631,Product 631,Test product,631
SKU632,Product 632,Test product,632
SKU633,Product 633,Test product,633
SKU634,Product 634,Test product,634
SKU635,Product 635,Test product,635
SKU636,Product 636,Test product,636
SKU637,Product 637,Test product,637
SKU638,Product 638,Test product,638
SKU639,Product 639,Test product,639
SKU640,Product 640,Test product,640
SKU641,Product 641,Test product,641
SKU642,Product 642,Test product,642
SKU643,Product 643,Test product,643
SKU644,Product 644,Test product,644
SKU645,Product 645,Test product,645
SKU646,Product 646,Test product,646
SKU647,Product 647,Test product,647
SKU648,Product 648,Test product,648
SKU649,Product 649,Test product,649
SKU650,Product 650,Test product,650
SKU651,Product 651,Test product,651
SKU652,Product 652,Test product,652
SKU653,Product 653,Test product,653
SKU654,Product 654,Test product,654
SKU655,Product 655,Test product,655
SKU656,Product 656,Test product,656
SKU657,Product 657,Test product,657
SKU658,Product 658,Test product,658
SKU659,Product 659,Test product,659
SKU660,Product 660,Test product,660
SKU661,Product 661,Test product,661
SKU662,Product 662,Test product,662
SKU663,Product 663,Test product,663
SKU664,Product 664,Test product,664
SKU665,Product 665,Test product,665
SKU666,Product 666,Test product,666
SKU667,Product 667,Test product,667
SKU668,Product 668,Test product,668
SKU669,Product 669,Test product,669
SKU670,Product 670,Test product,670
SKU671,Product 671,Test product,671
SKU672,Product 672,Test product,672
SKU673,Product 673,Test product,673
SKU674,Product 674,Test product,674
SKU675,Product 675,Test product,675
SKU676,Product 676,Test product,676
SKU677,Product 677,Test product,677
SKU678,Product 678,Test product,678
SKU679,Product 679,Test product,679
SKU680,Product 680,Test product,680
SKU681,Product 681,Test product,681
SKU682,Product 682,Test product,682
SKU683,Product 683,Test product,683
SKU684,Product 684,Test product,684
SKU685,Product 685,Test product,685
SKU686,Product 686,Test product,686
SKU687,Product 687,Test product,687
SKU688,Product 688,Test product,688
SKU689,Product 689,Test product,689
SKU690,Product 690,Test product,690
SKU691,Product 691,Test product,691
SKU692,Product 692,Test product,692
SKU693,Product 693,Test product,693
SKU694,Product 694,Test product,694
SKU695,Product 695,Test product,695
SKU696,Product 696,Test product,696
SKU697,Product 697,Test product,697
SKU698,Product 698,Test product,698
SKU699,Product 699,Test product,699
SKU700,Product 700,Test product,700
SKU701,Product 701,Test product,701
SKU702,Product 702,Test product,702
SKU703,Product 703,Test product,703
SKU704,Product 704,Test product,704
SKU705,Product 705,Test product,705
SKU706,Product 706,Test product,706
SKU707,Product 707,Test product,707
SKU708,Product 708,Test product,708
SKU709,Product 709,Test product,709
SKU710,Product 710,Test product,710
SKU711,Product 711,Test product,711
SKU712,Product 712,Test product,712
SKU713,Product 713,Test product,713
SKU714,Product 714,Test product,714
SKU715,Product 715,Test product,715
SKU716,Product 716,Test product,716
SKU717,Product 717,Test product,717
SKU718,Product 718,Test product,718
SKU719,Product 719,Test product,719
SKU720,Product 720,Test product,720
SKU721,Product 721,Test product,721
SKU722,Product 722,Test product,722
SKU723,Product 723,Test product,723
SKU724,Product 724,Test product,724
SKU725,Product 725,Test product,725
SKU726,Product 726,Test product,726
SKU727,Product 727,Test product,727
SKU728,Product 728,Test product,728
SKU729,Product 729,Test product,729
SKU730,Product 730,Test product,730
SKU731,Product 731,Test product,731
SKU732,Product 732,Test product,732
SKU733,Product 733,Test product,733
SKU734,Product 734,Test product,734
SKU735,Product 735,Test product,735
SKU736,Product 736,Test product,736
SKU737,Product 737,Test product,737
SKU738,Product 738,Test product,738
SKU739,Product 739,Test product,739
SKU740,Product 740,Test product,740
SKU741,Product 741,Test product,741
SKU742,Product 742,Test product,742
SKU743,Product 743,Test product,743
SKU744,Product 744,Test product,744
SKU745,Product 745,Test product,745
SKU746,Product 746,Test product,746
SKU747,Product 747,Test product,747
SKU748,Product 748,Test product,748
SKU749,Product 749,Test product,749
SKU750,Product 750,Test product,750
SKU751,Product 751,Test product,751
SKU752,Product 752,Test product,752
SKU753,Product 753,Test product,753
SKU754,Product 754,Test product,754
SKU755,Product 755,Test product,755
SKU756,Product 756,Test product,756
SKU757,Product 757,Test product,757
SKU758,Product 758,Test product,758
SKU759,Product 759,Test product,759
SKU760,Product 760,Test product,760
SKU761,Product 761,Test product,761
SKU762,Product 762,Test product,762
SKU763,Product 763,Test product,763
SKU764,Product 764,Test product,764
SKU765,Product 765,Test product,765
SKU766,Product 766,Test product,766
SKU767,Product 767,Test product,767
SKU768,Product 768,Test product,768
SKU769,Product 769,Test product,769
SKU770,Product 770,Test product,770
SKU771,Product 771,Test product,771
SKU772,Product 772,Test product,772
SKU773,Product 773,Test product,773
SKU774,Product 774,Test product,774
SKU775,Product 775,Test product,775
SKU776,Product 776,Test product,776
SKU777,Product 777,Test product,777
SKU778,Product 778,Test product,778
SKU779,Product 779,Test product,779
SKU780,Product 780,Test product,780
SKU781,Product 781,Test product,781
SKU782,Product 782,Test product,782
SKU783,Product 783,Test product,783
SKU784,Product 784,Test product,784
SKU785,Product 785,Test product,785
SKU786,Product 786,Test product,786
SKU787,Product 787,Test product,787
SKU788,Product 788,Test product,788
SKU789,Product 789,Test product,789
SKU790,Product 790,Test product,790
SKU791,Product 791,Test product,791
SKU792,Product 792,Test product,792
SKU793,Product 793,Test product,793
SKU794,Product 794,Test product,794
SKU795,Product 795,Test product,795
SKU796,Product 796,Test product,796
SKU797,Product 797,Test product,797
SKU798,Product 798,Test product,798
SKU799,Product 799,Test product,799
SKU800,Product 800,Test product,800
SKU801,Product 801,Test product,801
SKU802,Product 802,Test product,802
SKU803,Product 803,Test product,803
SKU804,Product 804,Test product,804
SKU805,Product 805,Test product,805
SKU806,Product 806,Test product,806
SKU807,Product 807,Test product,807
SKU808,Product 808,Test product,808
SKU809,Product 809,Test product,809
SKU810,Product 810,Test product,810
SKU811,Product 811,Test product,811
SKU812,Product 812,Test product,812
SKU813,Product 813,Test product,813
SKU814,Product 814,Test product,814
SKU815,Product 815,Test product,815
SKU816,Product 816,Test product,816
SKU817,Product 817,Test product,817
SKU818,Product 818,Test product,818
SKU819,Product 819,Test product,819
SKU820,Product 820,Test product,820
SKU821,Product 821,Test product,821
SKU822,Product 822,Test product,822
SKU823,Product 823,Test product,823
SKU824,Product 824,Test product,824
SKU825,Product 825,Test product,825
SKU826,Product 826,Test product,826
SKU827,Product 827,Test product,827
SKU828,Product 828,Test product,828
SKU829,Product 829,Test product,829
SKU830,Product 830,Test product,830
SKU831,Product 831,Test product,831
SKU832,Product 832,Test product,832
SKU833,Product 833,Test product,833
SKU834,Product 834,Test product,834
SKU835,Product 835,Test product,835
SKU836,Product 836,Test product,836
SKU837,Product 837,Test product,837
SKU838,Product 838,Test product,838
SKU839,Product 839,Test product,839
SKU840,Product 840,Test product,840
SKU841,Product 841,Test product,841
SKU842,Product 842,Test product,842
SKU843,Product 843,Test product,843
SKU844,Product 844,Test product,844
SKU845,Product 845,Test product,845
SKU846,Product 846,Test product,846
SKU847,Product 847,Test product,847
SKU848,Product 848,Test product,848
SKU849,Product 849,Test product,849
SKU850,Product 850,Test product,850
SKU851,Product 851,Test product,851
SKU852,Product 852,Test product,852
SKU853,Product 853,Test product,853
SKU854,Product 854,Test product,854
SKU855,Product 855,Test product,855
SKU856,Product 856,Test product,856
SKU857,Product 857,Test product,857
SKU858,Product 858,Test product,858
SKU859,Product 859,Test product,859
SKU860,Product 860,Test product,860
SKU861,Product 861,Test product,861
SKU862,Product 862,Test product,862
SKU863,Product 863,Test product,863
SKU864,Product 864,Test product,864
SKU865,Product 865,Test product,865
SKU866,Product 866,Test product,866
SKU867,Product 867,Test product,867
SKU868,Product 868,Test product,868
SKU869,Product 869,Test product,869
SKU870,Product 870,Test product,870
SKU871,Product 871,Test product,871
SKU872,Product 872,Test product,872
SKU873,Product 873,Test product,873
SKU874,Product 874,Test product,874
SKU875,Product 875,Test product,875
SKU876,Product 876,Test product,876
SKU877,Product 877,Test product,877
SKU878,Product 878,Test product,878
SKU879,Product 879,Test product,879
SKU880,Product 880,Test product,880
SKU881,Product 881,Test product,881
SKU882,Product 882,Test product,882
SKU883,Product 883,Test product,883
SKU884,Product 884,Test product,884
SKU885,Product 885,Test product,885
SKU886,Product 886,Test product,886
SKU887,Product 887,Test product,887
SKU888,Product 888,Test product,888
SKU889,Product 889,Test product,889
SKU890,Product 890,Test product,890
SKU891,Product 891,Test product,891
SKU892,Product 892,Test product,892
SKU893,Product 893,Test product,893
SKU894,Product 894,Test product,894
SKU895,Product 895,Test product,895
SKU896,Product 896,Test product,896
SKU897,Product 897,Test product,897
SKU898,Product 898,Test product,898
SKU899,Product 899,Test product,899
SKU900,Product 900,Test product,900
SKU901,Product 901,Test product,901
SKU902,Product 902,Test product,902
SKU903,Product 903,Test product,903
SKU904,Product 904,Test product,904
SKU905,Product 905,Test product,905
SKU906,Product 906,Test product,906
SKU907,Product 907,Test product,907
SKU908,Product 908,Test product,908
SKU909,Product 909,Test product,909
SKU910,Product 910,Test product,910
SKU911,Product 911,Test product,911
SKU912,Product 912,Test product,912
SKU913,Product 913,Test product,913
SKU914,Product 914,Test product,914
SKU915,Product 915,Test product,915
SKU916,Product 916,Test product,916
SKU917,Product 917,Test product,917
SKU918,Product 918,Test product,918
SKU919,Product 919,Test product,919
SKU920,Product 920,Test product,920
SKU921,Product 921,Test product,921
SKU922,Product 922,Test product,922
SKU923,Product 923,Test product,923
SKU924,Product 924,Test product,924
SKU925,Product 925,Test product,925
SKU926,Product 926,Test product,926
SKU927,Product 927,Test product,927
SKU928,Product 928,Test product,928
SKU929,Product 929,Test product,929
SKU930,Product 930,Test product,930
SKU931,Product 931,Test product,931
SKU932,Product 932,Test product,932
SKU933,Product 933,Test product,933
SKU934,Product 934,Test product,934
SKU935,Product 935,Test product,935
SKU936,Product 936,Test product,936
SKU937,Product 937,Test product,937
SKU938,Product 938,Test product,938
SKU939,Product 939,Test product,939
SKU940,Product 940,Test product,940
SKU941,Product 941,Test product,941
SKU942,Product 942,Test product,942
SKU943,Product 943,Test product,943
SKU944,Product 944,Test product,944
SKU945,Product 945,Test product,945
SKU946,Product 946,Test product,946
SKU947,Product 947,Test product,947
SKU948,Product 948,Test product,948
SKU949,Product 949,Test product,949
SKU950,Product 950,Test product,950
SKU951,Product 951,Test product,951
SKU952,Product 952,Test product,952
SKU953,Product 953,Test product,953
SKU954,Product 954,Test product,954
SKU955,Product 955,Test product,955
SKU956,Product 956,Test product,956
SKU957,Product 957,Test product,957
SKU958,Product 958,Test product,958
SKU959,Product 959,Test product,959
SKU960,Product 960,Test product,960
SKU961,Product 961,Test product,961
SKU962,Product 962,Test product,962
SKU963,Product 963,Test product,963
SKU964,Product 964,Test product,964
SKU965,Product 965,Test product,965
SKU966,Product 966,Test product,966
SKU967,Product 967,Test product,967
SKU968,Product 968,Test product,968
SKU969,Product 969,Test product,969
SKU970,Product 970,Test product,970
SKU971,Product 971,Test product,971
SKU972,Product 972,Test product,972
SKU973,Product 973,Test product,973
SKU974,Product 974,Test product,974
SKU975,Product 975,Test product,975
SKU976,Product 976,Test product,976
SKU977,Product 977,Test product,977
SKU978,Product 978,Test product,978
SKU979,Product 979,Test product,979
SKU980,Product 980,Test product,980
SKU981,Product 981,Test product,981
SKU982,Product 982,Test product,982
SKU983,Product 983,Test product,983
SKU984,Product 984,Test product,984
SKU985,Product 985,Test product,985
SKU986,Product 986,Test product,986
SKU987,Product 987,Test product,987
SKU988,Product 988,Test product,988
SKU989,Product 989,Test product,989
SKU990,Product 990,Test product,990
SKU991,Product 991,Test product,991
SKU992,Product 992,Test product,992
SKU993,Product 993,Test product,993
SKU994,Product 994,Test product,994
SKU995,Product 995,Test product,995
SKU996,Product 996,Test product,996
SKU997,Product 997,Test product,997
SKU998,Product 998,Test product,998
SKU999,Product 999,Test product,999
SKU1000,Product 1000,Test product,1000
SKU1001,Product 1001,Test product,1001
SKU1002,Product 1002,Test product,1002
SKU1003,Product 1003,Test product,1003
SKU1004,Product 1004,Test product,1004
SKU1005,Product 1005,Test product,1005
SKU1006,Product 1006,Test product,1006
SKU1007,Product 1007,Test product,1007
SKU1008,Product 1008,Test product,1008
SKU1009,Product 1009,Test product,1009
SKU1010,Product 1010,Test product,1010
SKU1011,Product 1011,Test product,1011
SKU1012,Product 1012,Test product,1012
SKU1013,Product 1013,Test product,1013
SKU1014,Product 1014,Test product,1014
SKU1015,Product 1015,Test product,1015
SKU1016,Product 1016,Test product,1016
SKU1017,Product 1017,Test product,1017
SKU1018,Product 1018,Test product,1018
SKU1019,Product 1019,Test product,1019
SKU1020,Product 1020,Test product,1020
SKU1021,Product 1021,Test product,1021
SKU1022,Product 1022,Test product,1022
SKU1023,Product 1023,Test product,1023
SKU1024,Product 1024,Test product,1024
SKU1025,Product 1025,Test product,1025
SKU1026,Product 1026,Test product,1026
SKU1027,Product 1027,Test product,1027
SKU1028,Product 1028,Test product,1028
SKU1029,Product 1029,Test product,1029
SKU1030,Product 1030,Test product,1030
SKU1031,Product 1031,Test product,1031
SKU1032,Product 1032,Test product,1032
SKU1033,Product 1033,Test product,1033
SKU1034,Product 1034,Test product,1034
SKU1035,Product 1035,Test product,1035
SKU1036,Product 1036,Test product,1036
SKU1037,Product 1037,Test product,1037
SKU1038,Product 1038,Test product,1038
SKU1039,Product 1039,Test product,1039
SKU1040,Product 1040,Test product,1040
SKU1041,Product 1041,Test product,1041
SKU1042,Product 1042,Test product,1042
SKU1043,Product 1043,Test product,1043
SKU1044,Product 1044,Test product,1044
SKU1045,Product 1045,Test product,1045
SKU1046,Product 1046,Test product,1046
SKU1047,Product 1047,Test product,1047
SKU1048,Product 1048,Test product,1048
SKU1049,Product 1049,Test product,1049
SKU1050,Product 1050,Test product,1050
SKU1051,Product 1051,Test product,1051
SKU1052,Product 1052,Test product,1052
SKU1053,Product 1053,Test product,1053
SKU1054,Product 1054,Test product,1054
SKU1055,Product 1055,Test product,1055
SKU1056,Product 1056,Test product,1056
SKU1057,Product 1057,Test product,1057
SKU1058,Product 1058,Test product,1058
SKU1059,Product 1059,Test product,1059
SKU1060,Product 1060,Test product,1060
SKU1061,Product 1061,Test product,1061
SKU1062,Product 1062,Test product,1062
SKU1063,Product 1063,Test product,1063
SKU1064,Product 1064,Test product,1064
SKU1065,Product 1065,Test product,1065
SKU1066,Product 1066,Test product,1066
SKU1067,Product 1067,Test product,1067
SKU1068,Product 1068,Test product,1068
SKU1069,Product 1069,Test product,1069
SKU1070,Product 1070,Test product,1070
SKU1071,Product 1071,Test product,1071
SKU1072,Product 1072,Test product,1072
SKU1073,Product 1073,Test product,1073
SKU1074,Product 1074,Test product,1074
SKU1075,Product 1075,Test product,1075
SKU1076,Product 1076,Test product,1076
SKU1077,Product 1077,Test product,1077
SKU1078,Product 1078,Test product,1078
SKU1079,Product 1079,Test product,1079
SKU1080,Product 1080,Test product,1080
SKU1081,Product 1081,Test product,1081
SKU1082,Product 1082,Test product,1082
SKU1083,Product 1083,Test product,1083
SKU1084,Product 1084,Test product,1084
SKU1085,Product 1085,Test product,1085
SKU1086,Product 1086,Test product,1086
SKU1087,Product 1087,Test product,1087
SKU1088,Product 1088,Test product,1088
SKU1089,Product 1089,Test product,1089
SKU1090,Product 1090,Test product,1090
SKU1091,Product 1091,Test product,1091
SKU1092,Product 1092,Test product,1092
SKU1093,Product 1093,Test product,1093
SKU1094,Product 1094,Test product,1094
SKU1095,Product 1095,Test product,1095
SKU1096,Product 1096,Test product,1096
SKU1097,Product 1097,Test product,1097
SKU1098,Product 1098,Test product,1098
SKU1099,Product 1099,Test product,1099
SKU1100,Product 1100,Test product,1100
SKU1101,Product 1101,Test product,1101
SKU1102,Product 1102,Test product,1102
SKU1103,Product 1103,Test product,1103
SKU1104,Product 1104,Test product,1104
SKU1105,Product 1105,Test product,1105
SKU1106,Product 1106,Test product,1106
SKU1107,Product 1107,Test product,1107
SKU1108,Product 1108,Test product,1108
SKU1109,Product 1109,Test product,1109
SKU1110,Product 1110,Test product,1110
SKU1111,Product 1111,Test product,1111
SKU1112,Product 1112,Test product,1112
SKU1113,Product 1113,Test product,1113
SKU1114,Product 1114,Test product,1114
SKU1115,Product 1115,Test product,1115
SKU1116,Product 1116,Test product,1116
SKU1117,Product 1117,Test product,1117
SKU1118,Product 1118,Test product,1118
SKU1119,Product 1119,Test product,1119
SKU1120,Product 1120,Test product,1120
SKU1121,Product 1121,Test product,1121
SKU1122,Product 1122,Test product,1122
SKU1123,Product 1123,Test product,1123
SKU1124,Product 1124,Test product,1124
SKU1125,Product 1125,Test product,1125
SKU1126,Product 1126,Test product,1126
SKU1127,Product 1127,Test product,1127
SKU1128,Product 1128,Test product,1128
SKU1129,Product 1129,Test product,1129
SKU1130,Product 1130,Test product,1130
SKU1131,Product 1131,Test product,1131
SKU1132,Product 1132,Test product,1132
SKU1133,Product 1133,Test product,1133
SKU1134,Product 1134,Test product,1134
SKU1135,Product 1135,Test product,1135
SKU1136,Product 1136,Test product,1136
SKU1137,Product 1137,Test product,1137
SKU1138,Product 1138,Test product,1138
SKU1139,Product 1139,Test product,1139
SKU1140,Product 1140,Test product,1140
SKU1141,Product 1141,Test product,1141
SKU1142,Product 1142,Test product,1142
SKU1143,Product 1143,Test product,1143
SKU1144,Product 1144,Test product,1144
SKU1145,Product 1145,Test product,1145
SKU1146,Product 1146,Test product,1146
SKU1147,Product 1147,Test product,1147
SKU1148,Product 1148,Test product,1148
SKU1149,Product 1149,Test product,1149
SKU1150,Product 1150,Test product,1150
SKU1151,Product 1151,Test product,1151
SKU1152,Product 1152,Test product,1152
SKU1153,Product 1153,Test product,1153
SKU1154,Product 1154,Test product,1154
SKU1155,Product 1155,Test product,1155
SKU1156,Product 1156,Test product,1156
SKU1157,Product 1157,Test product,1157
SKU1158,Product 1158,Test product,1158
SKU1159,Product 1159,Test product,1159
SKU1160,Product 1160,Test product,1160
SKU1161,Product 1161,Test product,1161
SKU1162,Product 1162,Test product,1162
SKU1163,Product 1163,Test product,1163
SKU1164,Product 1164,Test product,1164
SKU1165,Product 1165,Test product,1165
SKU1166,Product 1166,Test product,1166
SKU1167,Product 1167,Test product,1167
SKU1168,Product 1168,Test product,1168
SKU1169,Product 1169,Test product,1169
SKU1170,Product 1170,Test product,1170
SKU1171,Product 1171,Test product,1171
SKU1172,Product 1172,Test product,1172
SKU1173,Product 1173,Test product,1173
SKU1174,Product 1174,Test product,1174
SKU1175,Product 1175,Test product,1175
SKU1176,Product 1176,Test product,1176
SKU1177,Product 1177,Test product,1177
SKU1178,Product 1178,Test product,1178
SKU1179,Product 1179,Test product,1179
SKU1180,Product 1180,Test product,1180
SKU1181,Product 1181,Test product,1181
SKU1182,Product 1182,Test product,1182
SKU1183,Product 1183,Test product,1183
SKU1184,Product 1184,Test product,1184
SKU1185,Product 1185,Test product,1185
SKU1186,Product 1186,Test product,1186
SKU1187,Product 1187,Test product,1187
SKU1188,Product 1188,Test product,1188
SKU1189,Product 1189,Test product,1189
SKU1190,Product 1190,Test product,1190
SKU1191,Product 1191,Test product,1191
SKU1192,Product 1192,Test product,1192
SKU1193,Product 1193,Test product,1193
SKU1194,Product 1194,Test product,1194
SKU1195,Product 1195,Test product,1195
SKU1196,Product 1196,Test product,1196
SKU1197,Product 1197,Test product,1197
SKU1198,Product 1198,Test product,1198
SKU1199,Product 1199,Test product,1199
SKU1200,Product 1200,Test product,1200
SKU1201,Product 1201,Test product,1201
SKU1202,Product 1202,Test product,1202
SKU1203,Product 1203,Test product,1203
SKU1204,Product 1204,Test product,1204
SKU1205,Product 1205,Test product,1205
SKU1206,Product 1206,Test product,1206
SKU1207,Product 1207,Test product,1207
SKU1208,Product 1208,Test product,1208
SKU1209,Product 1209,Test product,1209
SKU1210,Product 1210,Test product,1210
SKU1211,Product 1211,Test product,1211
SKU1212,Product 1212,Test product,1212
SKU1213,Product 1213,Test product,1213
SKU1214,Product 1214,Test product,1214
SKU1215,Product 1215,Test product,1215
SKU1216,Product 1216,Test product,1216
SKU1217,Product 1217,Test product,1217
SKU1218,Product 1218,Test product,1218
SKU1219,Product 1219,Test product,1219
SKU1220,Product 1220,Test product,1220
SKU1221,Product 1221,Test product,1221
SKU1222,Product 1222,Test product,1222
SKU1223,Product 1223,Test product,1223
SKU1224,Product 1224,Test product,1224
SKU1225,Product 1225,Test product,1225
SKU1226,Product 1226,Test product,1226
SKU1227,Product 1227,Test product,1227
SKU1228,Product 1228,Test product,1228
SKU1229,Product 1229,Test product,1229
SKU1230,Product 1230,Test product,1230
SKU1231,Product 1231,Test product,1231
SKU1232,Product 1232,Test product,1232
SKU1233,Product 1233,Test product,1233
SKU1234,Product 1234,Test product,1234
SKU1235,Product 1235,Test product,1235
SKU1236,Product 1236,Test product,1236
SKU1237,Product 1237,Test product,1237
SKU1238,Product 1238,Test product,1238
SKU1239,Product 1239,Test product,1239
SKU1240,Product 1240,Test product,1240
SKU1241,Product 1241,Test product,1241
SKU1242,Product 1242,Test product,1242
SKU1243,Product 1243,Test product,1243
SKU1244,Product 1244,Test product,1244
SKU1245,Product 1245,Test product,1245
SKU1246,Product 1246,Test product,1246
SKU1247,Product 1247,Test product,1247
SKU1248,Product 1248,Test product,1248
SKU1249,Product 1249,Test product,1249
SKU1250,Product 1250,Test product,1250
SKU1251,Product 1251,Test product,1251
SKU1252,Product 1252,Test product,1252
SKU1253,Product 1253,Test product,1253
SKU1254,Product 1254,Test product,1254
SKU1255,Product 1255,Test product,1255
SKU1256,Product 1256,Test product,1256
SKU1257,Product 1257,Test product,1257
SKU1258,Product 1258,Test product,1258
SKU1259,Product 1259,Test product,1259
SKU1260,Product 1260,Test product,1260
SKU1261,Product 1261,Test product,1261
SKU1262,Product 1262,Test product,1262
SKU1263,Product 1263,Test product,1263
SKU1264,Product 1264,Test product,1264
SKU1265,Product 1265,Test product,1265
SKU1266,Product 1266,Test product,1266
SKU1267,Product 1267,Test product,1267
SKU1268,Product 1268,Test product,1268
SKU1269,Product 1269,Test product,1269
SKU1270,Product 1270,Test product,1270
SKU1271,Product 1271,Test product,1271
SKU1272,Product 1272,Test product,1272
SKU1273,Product 1273,Test product,1273
SKU1274,Product 1274,Test product,1274
SKU1275,Product 1275,Test product,1275
SKU1276,Product 1276,Test product,1276
SKU1277,Product 1277,Test product,1277
SKU1278,Product 1278,Test product,1278
SKU1279,Product 1279,Test product,1279
SKU1280,Product 1280,Test product,1280
SKU1281,Product 1281,Test product,1281
SKU1282,Product 1282,Test product,1282
SKU1283,Product 1283,Test product,1283
SKU1284,Product 1284,Test product,1284
SKU1285,Product 1285,Test product,1285
SKU1286,Product 1286,Test product,1286
SKU1287,Product 1287,Test product,1287
SKU1288,Product 1288,Test product,1288
SKU1289,Product 1289,Test product,1289
SKU1290,Product 1290,Test product,1290
SKU1291,Product 1291,Test product,1291
SKU1292,Product 1292,Test product,1292
SKU1293,Product 1293,Test product,1293
SKU1294,Product 1294,Test product,1294
SKU1295,Product 1295,Test product,1295
SKU1296,Product 1296,Test product,1296
SKU1297,Product 1297,Test product,1297
SKU1298,Product 1298,Test product,1298
SKU1299,Product 1299,Test product,1299
SKU1300,Product 1300,Test product,1300
SKU1301,Product 1301,Test product,1301
SKU1302,Product 1302,Test product,1302
SKU1303,Product 1303,Test product,1303
SKU1304,Product 1304,Test product,1304
SKU1305,Product 1305,Test product,1305
SKU1306,Product 1306,Test product,1306
SKU1307,Product 1307,Test product,1307
SKU1308,Product 1308,Test product,1308
SKU1309,Product 1309,Test product,1309
SKU1310,Product 1310,Test product,1310
SKU1311,Product 1311,Test product,1311
SKU1312,Product 1312,Test product,1312
SKU1313,Product 1313,Test product,1313
SKU1314,Product 1314,Test product,1314
SKU1315,Product 1315,Test product,1315
SKU1316,Product 1316,Test product,1316
SKU1317,Product 1317,Test product,1317
SKU1318,Product 1318,Test product,1318
SKU1319,Product 1319,Test product,1319
SKU1320,Product 1320,Test product,1320
SKU1321,Product 1321,Test product,1321
SKU1322,Product 1322,Test product,1322
SKU1323,Product 1323,Test product,1323
SKU1324,Product 1324,Test product,1324
SKU1325,Product 1325,Test product,1325
SKU1326,Product 1326,Test product,1326
SKU1327,Product 1327,Test product,1327
SKU1328,Product 1328,Test product,1328
SKU1329,Product 1329,Test product,1329
SKU1330,Product 1330,Test product,1330
SKU1331,Product 1331,Test product,1331
SKU1332,Product 1332,Test product,1332
SKU1333,Product 1333,Test product,1333
SKU1334,Product 1334,Test product,1334
SKU1335,Product 1335,Test product,1335
SKU1336,Product 1336,Test product,1336
SKU1337,Product 1337,Test product,1337
SKU1338,Product 1338,Test product,1338
SKU1339,Product 1339,Test product,1339
SKU1340,Product 1340,Test product,1340
SKU1341,Product 1341,Test product,1341
SKU1342,Product 1342,Test product,1342
SKU1343,Product 1343,Test product,1343
SKU1344,Product 1344,Test product,1344
SKU1345,Product 1345,Test product,1345
SKU1346,Product 1346,Test product,1346
SKU1347,Product 1347,Test product,1347
SKU1348,Product 1348,Test product,1348
SKU1349,Product 1349,Test product,1349
SKU1350,Product 1350,Test product,1350
SKU1351,Product 1351,Test product,1351
SKU1352,Product 1352,Test product,1352
SKU1353,Product 1353,Test product,1353
SKU1354,Product 1354,Test product,1354
SKU1355,Product 1355,Test product,1355
SKU1356,Product 1356,Test product,1356
SKU1357,Product 1357,Test product,1357
SKU1358,Product 1358,Test product,1358
SKU1359,Product 1359,Test product,1359
SKU1360,Product 1360,Test product,1360
SKU1361,Product 1361,Test product,1361
SKU1362,Product 1362,Test product,1362
SKU1363,Product 1363,Test product,1363
SKU1364,Product 1364,Test product,1364
SKU1365,Product 1365,Test product,1365
SKU1366,Product 1366,Test product,1366
SKU1367,Product 1367,Test product,1367
SKU1368,Product 1368,Test product,1368
SKU1369,Product 1369,Test product,1369
SKU1370,Product 1370,Test product,1370
SKU1371,Product 1371,Test product,1371
SKU1372,Product 1372,Test product,1372
SKU1373,Product 1373,Test product,1373
SKU1374,Product 1374,Test product,1374
SKU1375,Product 1375,Test product,1375
SKU1376,Product 1376,Test product,1376
SKU1377,Product 1377,Test product,1377
SKU1378,Product 1378,Test product,1378
SKU1379,Product 1379,Test product,1379
SKU1380,Product 1380,Test product,1380
SKU1381,Product 1381,Test product,1381
SKU1382,Product 1382,Test product,1382
SKU1383,Product 1383,Test product,1383
SKU1384,Product 1384,Test product,1384
SKU1385,Product 1385,Test product,1385
SKU1386,Product 1386,Test product,1386
SKU1387,Product 1387,Test product,1387
SKU1388,Product 1388,Test product,1388
SKU1389,Product 1389,Test product,1389
SKU1390,Product 1390,Test product,1390
SKU1391,Product 1391,Test product,1391
SKU1392,Product 1392,Test product,1392
SKU1393,Product 1393,Test product,1393
SKU1394,Product 1394,Test product,1394
SKU1395,Product 1395,Test product,1395
SKU1396,Product 1396,Test product,1396
SKU1397,Product 1397,Test product,1397
SKU1398,Product 1398,Test product,1398
SKU1399,Product 1399,Test product,1399
SKU1400,Product 1400,Test product,1400
SKU1401,Product 1401,Test product,1401
SKU1402,Product 1402,Test product,1402
SKU1403,Product 1403,Test product,1403
SKU1404,Product 1404,Test product,1404
SKU1405,Product 1405,Test product,1405
SKU1406,Product 1406,Test product,1406
SKU1407,Product 1407,Test product,1407
SKU1408,Product 1408,Test product,1408
SKU1409,Product 1409,Test product,1409
SKU1410,Product 1410,Test product,1410
SKU1411,Product 1411,Test product,1411
SKU1412,Product 1412,Test product,1412
SKU1413,Product 1413,Test product,1413
SKU1414,Product 1414,Test product,1414
SKU1415,Product 1415,Test product,1415
SKU1416,Product 1416,Test product,1416
SKU1417,Product 1417,Test product,1417
SKU1418,Product 1418,Test product,1418
SKU1419,Product 1419,Test product,1419
SKU1420,Product 1420,Test product,1420
SKU1421,Product 1421,Test product,1421
SKU1422,Product 1422,Test product,1422
SKU1423,Product 1423,Test product,1423
SKU1424,Product 1424,Test product,1424
SKU1425,Product 1425,Test product,1425
SKU1426,Product 1426,Test product,1426
SKU1427,Product 1427,Test product,1427
SKU1428,Product 1428,Test product,1428
SKU1429,Product 1429,Test product,1429
SKU1430,Product 1430,Test product,1430
SKU1431,Product 1431,Test product,1431
SKU1432,Product 1432,Test product,1432
SKU1433,Product 1433,Test product,1433
SKU1434,Product 1434,Test product,1434
SKU1435,Product 1435,Test product,1435
SKU1436,Product 1436,Test product,1436
SKU1437,Product 1437,Test product,1437
SKU1438,Product 1438,Test product,1438
SKU1439,Product 1439,Test product,1439
SKU1440,Product 1440,Test product,1440
SKU1441,Product 1441,Test product,1441
SKU1442,Product 1442,Test product,1442
SKU1443,Product 1443,Test product,1443
SKU1444,Product 1444,Test product,1444
SKU1445,Product 1445,Test product,1445
SKU1446,Product 1446,Test product,1446
SKU1447,Product 1447,Test product,1447
SKU1448,Product 1448,Test product,1448
SKU1449,Product 1449,Test product,1449
SKU1450,Product 1450,Test product,1450
SKU1451,Product 1451,Test product,1451
SKU1452,Product 1452,Test product,1452
SKU1453,Product 1453,Test product,1453
SKU1454,Product 1454,Test product,1454
SKU1455,Product 1455,Test product,1455
SKU1456,Product 1456,Test product,1456
SKU1457,Product 1457,Test product,1457
SKU1458,Product 1458,Test product,1458
SKU1459,Product 1459,Test product,1459
SKU1460,Product 1460,Test product,1460
SKU1461,Product 1461,Test product,1461
SKU1462,Product 1462,Test product,1462
SKU1463,Product 1463,Test product,1463
SKU1464,Product 1464,Test product,1464
SKU1465,Product 1465,Test product,1465
SKU1466,Product 1466,Test product,1466
SKU1467,Product 1467,Test product,1467
SKU1468,Product 1468,Test product,1468
SKU1469,Product 1469,Test product,1469
SKU1470,Product 1470,Test product,1470
SKU1471,Product 1471,Test product,1471
SKU1472,Product 1472,Test product,1472
SKU1473,Product 1473,Test product,1473
SKU1474,Product 1474,Test product,1474
SKU1475,Product 1475,Test product,1475
SKU1476,Product 1476,Test product,1476
SKU1477,Product 1477,Test product,1477
SKU1478,Product 1478,Test product,1478
SKU1479,Product 1479,Test product,1479
SKU1480,Product 1480,Test product,1480
SKU1481,Product 1481,Test product,1481
SKU1482,Product 1482,Test product,1482
SKU1483,Product 1483,Test product,1483
SKU1484,Product 1484,Test product,1484
SKU1485,Product 1485,Test product,1485
SKU1486,Product 1486,Test product,1486
SKU1487,Product 1487,Test product,1487
SKU1488,Product 1488,Test product,1488
SKU1489,Product 1489,Test product,1489
SKU1490,Product 1490,Test product,1490
SKU1491,Product 1491,Test product,1491
SKU1492,Product 1492,Test product,1492
SKU1493,Product 1493,Test product,1493
SKU1494,Product 1494,Test product,1494
SKU1495,Product 1495,Test product,1495
SKU1496,Product 1496,Test product,1496
SKU1497,Product 1497,Test product,1497
SKU1498,Product 1498,Test product,1498
SKU1499,Product 1499,Test product,1499
SKU1500,Product 1500,Test product,1500
SKU1501,Product 1501,Test product,1501
SKU1502,Product 1502,Test product,1502
SKU1503,Product 1503,Test product,1503
SKU1504,Product 1504,Test product,1504
SKU1505,Product 1505,Test product,1505
SKU1506,Product 1506,Test product,1506
SKU1507,Product 1507,Test product,1507
SKU1508,Product 1508,Test product,1508
SKU1509,Product 1509,Test product,1509
SKU1510,Product 1510,Test product,1510
SKU1511,Product 1511,Test product,1511
SKU1512,Product 1512,Test product,1512
SKU1513,Product 1513,Test product,1513
SKU1514,Product 1514,Test product,1514
SKU1515,Product 1515,Test product,1515
SKU1516,Product 1516,Test product,1516
SKU1517,Product 1517,Test product,1517
SKU1518,Product 1518,Test product,1518
SKU1519,Product 1519,Test product,1519
SKU1520,Product 1520,Test product,1520
SKU1521,Product 1521,Test product,1521
SKU1522,Product 1522,Test product,1522
SKU1523,Product 1523,Test product,1523
SKU1524,Product 1524,Test product,1524
SKU1525,Product 1525,Test product,1525
SKU1526,Product 1526,Test product,1526
SKU1527,Product 1527,Test product,1527
SKU1528,Product 1528,Test product,1528
SKU1529,Product 1529,Test product,1529
SKU1530,Product 1530,Test product,1530
SKU1531,Product 1531,Test product,1531
SKU1532,Product 1532,Test product,1532
SKU1533,Product 1533,Test product,1533
SKU1534,Product 1534,Test product,1534
SKU1535,Product 1535,Test product,1535
SKU1536,Product 1536,Test product,1536
SKU1537,Product 1537,Test product,1537
SKU1538,Product 1538,Test product,1538
SKU1539,Product 1539,Test product,1539
SKU1540,Product 1540,Test product,1540
SKU1541,Product 1541,Test product,1541
SKU1542,Product 1542,Test product,1542
SKU1543,Product 1543,Test product,1543
SKU1544,Product 1544,Test product,1544
SKU1545,Product 1545,Test product,1545
SKU1546,Product 1546,Test product,1546
SKU1547,Product 1547,Test product,1547
SKU1548,Product 1548,Test product,1548
SKU1549,Product 1549,Test product,1549
SKU1550,Product 1550,Test product,1550
SKU1551,Product 1551,Test product,1551
SKU1552,Product 1552,Test product,1552
SKU1553,Product 1553,Test product,1553
SKU1554,Product 1554,Test product,1554
SKU1555,Product 1555,Test product,1555
SKU1556,Product 1556,Test product,1556
SKU1557,Product 1557,Test product,1557
SKU1558,Product 1558,Test product,1558
SKU1559,Product 1559,Test product,1559
SKU1560,Product 1560,Test product,1560
SKU1561,Product 1561,Test product,1561
SKU1562,Product 1562,Test product,1562
SKU1563,Product 1563,Test product,1563
SKU1564,Product 1564,Test product,1564
SKU1565,Product 1565,Test product,1565
SKU1566,Product 1566,Test product,1566
SKU1567,Product 1567,Test product,1567
SKU1568,Product 1568,Test product,1568
SKU1569,Product 1569,Test product,1569
SKU1570,Product 1570,Test product,1570
SKU1571,Product 1571,Test product,1571
SKU1572,Product 1572,Test product,1572
SKU1573,Product 1573,Test product,1573
SKU1574,Product 1574,Test product,1574
SKU1575,Product 1575,Test product,1575
SKU1576,Product 1576,Test product,1576
SKU1577,Product 1577,Test product,1577
SKU1578,Product 1578,Test product,1578
SKU1579,Product 1579,Test product,1579
SKU1580,Product 1580,Test product,1580
SKU1581,Product 1581,Test product,1581
SKU1582,Product 1582,Test product,1582
SKU1583,Product 1583,Test product,1583
SKU1584,Product 1584,Test product,1584
SKU1585,Product 1585,Test product,1585
SKU1586,Product 1586,Test product,1586
SKU1587,Product 1587,Test product,1587
SKU1588,Product 1588,Test product,1588
SKU1589,Product 1589,Test product,1589
SKU1590,Product 1590,Test product,1590
SKU1591,Product 1591,Test product,1591
SKU1592,Product 1592,Test product,1592
SKU1593,Product 1593,Test product,1593
SKU1594,Product 1594,Test product,1594
SKU1595,Product 1595,Test product,1595
SKU1596,Product 1596,Test product,1596
SKU1597,Product 1597,Test product,1597
SKU1598,Product 1598,Test product,1598
SKU1599,Product 1599,Test product,1599
SKU1600,Product 1600,Test product,1600
SKU1601,Product 1601,Test product,1601
SKU1602,Product 1602,Test product,1602
SKU1603,Product 1603,Test product,1603
SKU1604,Product 1604,Test product,1604
SKU1605,Product 1605,Test product,1605
SKU1606,Product 1606,Test product,1606
SKU1607,Product 1607,Test product,1607
SKU1608,Product 1608,Test product,1608
SKU1609,Product 1609,Test product,1609
SKU1610,Product 1610,Test product,1610
SKU1611,Product 1611,Test product,1611
SKU1612,Product 1612,Test product,1612
SKU1613,Product 1613,Test product,1613
SKU1614,Product 1614,Test product,1614
SKU1615,Product 1615,Test product,1615
SKU1616,Product 1616,Test product,1616
SKU1617,Product 1617,Test product,1617
SKU1618,Product 1618,Test product,1618
SKU1619,Product 1619,Test product,1619
SKU1620,Product 1620,Test product,1620
SKU1621,Product 1621,Test product,1621
SKU1622,Product 1622,Test product,1622
SKU1623,Product 1623,Test product,1623
SKU1624,Product 1624,Test product,1624
SKU1625,Product 1625,Test product,1625
SKU1626,Product 1626,Test product,1626
SKU1627,Product 1627,Test product,1627
SKU1628,Product 1628,Test product,1628
SKU1629,Product 1629,Test product,1629
SKU1630,Product 1630,Test product,1630
SKU1631,Product 1631,Test product,1631
SKU1632,Product 1632,Test product,1632
SKU1633,Product 1633,Test product,1633
SKU1634,Product 1634,Test product,1634
SKU1635,Product 1635,Test product,1635
SKU1636,Product 1636,Test product,1636
SKU1637,Product 1637,Test product,1637
SKU1638,Product 1638,Test product,1638
SKU1639,Product 1639,Test product,1639
SKU1640,Product 1640,Test product,1640
SKU1641,Product 1641,Test product,1641
SKU1642,Product 1642,Test product,1642
SKU1643,Product 1643,Test product,1643
SKU1644,Product 1644,Test product,1644
SKU1645,Product 1645,Test product,1645
SKU1646,Product 1646,Test product,1646
SKU1647,Product 1647,Test product,1647
SKU1648,Product 1648,Test product,1648
SKU1649,Product 1649,Test product,1649
SKU1650,Product 1650,Test product,1650
SKU1651,Product 1651,Test product,1651
SKU1652,Product 1652,Test product,1652
SKU1653,Product 1653,Test product,1653
SKU1654,Product 1654,Test product,1654
SKU1655,Product 1655,Test product,1655
SKU1656,Product 1656,Test product,1656
SKU1657,Product 1657,Test product,1657
SKU1658,Product 1658,Test product,1658
SKU1659,Product 1659,Test product,1659
SKU1660,Product 1660,Test product,1660
SKU1661,Product 1661,Test product,1661
SKU1662,Product 1662,Test product,1662
SKU1663,Product 1663,Test product,1663
SKU1664,Product 1664,Test product,1664
SKU1665,Product 1665,Test product,1665
SKU1666,Product 1666,Test product,1666
SKU1667,Product 1667,Test product,1667
SKU1668,Product 1668,Test product,1668
SKU1669,Product 1669,Test product,1669
SKU1670,Product 1670,Test product,1670
SKU1671,Product 1671,Test product,1671
SKU1672,Product 1672,Test product,1672
SKU1673,Product 1673,Test product,1673
SKU1674,Product 1674,Test product,1674
SKU1675,Product 1675,Test product,1675
SKU1676,Product 1676,Test product,1676
SKU1677,Product 1677,Test product,1677
SKU1678,Product 1678,Test product,1678
SKU1679,Product 1679,Test product,1679
SKU1680,Product 1680,Test product,1680
SKU1681,Product 1681,Test product,1681
SKU1682,Product 1682,Test product,1682
SKU1683,Product 1683,Test product,1683
SKU1684,Product 1684,Test product,1684
SKU1685,Product 1685,Test product,1685
SKU1686,Product 1686,Test product,1686
SKU1687,Product 1687,Test product,1687
SKU1688,Product 1688,Test product,1688
SKU1689,Product 1689,Test product,1689
SKU1690,Product 1690,Test product,1690
SKU1691,Product 1691,Test product,1691
SKU1692,Product 1692,Test product,1692
SKU1693,Product 1693,Test product,1693
SKU1694,Product 1694,Test product,1694
SKU1695,Product 1695,Test product,1695
SKU1696,Product 1696,Test product,1696
SKU1697,Product 1697,Test product,1697
SKU1698,Product 1698,Test product,1698
SKU1699,Product 1699,Test product,1699
SKU1700,Product 1700,Test product,1700
SKU1701,Product 1701,Test product,1701
SKU1702,Product 1702,Test product,1702
SKU1703,Product 1703,Test product,1703
SKU1704,Product 1704,Test product,1704
SKU1705,Product 1705,Test product,1705
SKU1706,Product 1706,Test product,1706
SKU1707,Product 1707,Test product,1707
SKU1708,Product 1708,Test product,1708
SKU1709,Product 1709,Test product,1709
SKU1710,Product 1710,Test product,1710
SKU1711,Product 1711,Test product,1711
SKU1712,Product 1712,Test product,1712
SKU1713,Product 1713,Test product,1713
SKU1714,Product 1714,Test product,1714
SKU1715,Product 1715,Test product,1715
SKU1716,Product 1716,Test product,1716
SKU1717,Product 1717,Test product,1717
SKU1718,Product 1718,Test product,1718
SKU1719,Product 1719,Test product,1719
SKU1720,Product 1720,Test product,1720
SKU1721,Product 1721,Test product,1721
SKU1722,Product 1722,Test product,1722
SKU1723,Product 1723,Test product,1723
SKU1724,Product 1724,Test product,1724
SKU1725,Product 1725,Test product,1725
SKU1726,Product 1726,Test product,1726
SKU1727,Product 1727,Test product,1727
SKU1728,Product 1728,Test product,1728
SKU1729,Product 1729,Test product,1729
SKU1730,Product 1730,Test product,1730
SKU1731,Product 1731,Test product,1731
SKU1732,Product 1732,Test product,1732
SKU1733,Product 1733,Test product,1733
SKU1734,Product 1734,Test product,1734
SKU1735,Product 1735,Test product,1735
SKU1736,Product 1736,Test product,1736
SKU1737,Product 1737,Test product,1737
SKU1738,Product 1738,Test product,1738
SKU1739,Product 1739,Test product,1739
SKU1740,Product 1740,Test product,1740
SKU1741,Product 1741,Test product,1741
SKU1742,Product 1742,Test product,1742
SKU1743,Product 1743,Test product,1743
SKU1744,Product 1744,Test product,1744
SKU1745,Product 1745,Test product,1745
SKU1746,Product 1746,Test product,1746
SKU1747,Product 1747,Test product,1747
SKU1748,Product 1748,Test product,1748
SKU1749,Product 1749,Test product,1749
SKU1750,Product 1750,Test product,1750
SKU1751,Product 1751,Test product,1751
SKU1752,Product 1752,Test product,1752
SKU1753,Product 1753,Test product,1753
SKU1754,Product 1754,Test product,1754
SKU1755,Product 1755,Test product,1755
SKU1756,Product 1756,Test product,1756
SKU1757,Product 1757,Test product,1757
SKU1758,Product 1758,Test product,1758
SKU1759,Product 1759,Test product,1759
SKU1760,Product 1760,Test product,1760
SKU1761,Product 1761,Test product,1761
SKU1762,Product 1762,Test product,1762
SKU1763,Product 1763,Test product,1763
SKU1764,Product 1764,Test product,1764
SKU1765,Product 1765,Test product,1765
SKU1766,Product 1766,Test product,1766
SKU1767,Product 1767,Test product,1767
SKU1768,Product 1768,Test product,1768
SKU1769,Product 1769,Test product,1769
SKU1770,Product 1770,Test product,1770
SKU1771,Product 1771,Test product,1771
SKU1772,Product 1772,Test product,1772
SKU1773,Product 1773,Test product,1773
SKU1774,Product 1774,Test product,1774
SKU1775,Product 1775,Test product,1775
SKU1776,Product 1776,Test product,1776
SKU1777,Product 1777,Test product,1777
SKU1778,Product 1778,Test product,1778
SKU1779,Product 1779,Test product,1779
SKU1780,Product 1780,Test product,1780
SKU1781,Product 1781,Test product,1781
SKU1782,Product 1782,Test product,1782
SKU1783,Product 1783,Test product,1783
SKU1784,Product 1784,Test product,1784
SKU1785,Product 1785,Test product,1785
SKU1786,Product 1786,Test product,1786
SKU1787,Product 1787,Test product,1787
SKU1788,Product 1788,Test product,1788
SKU1789,Product 1789,Test product,1789
SKU1790,Product 1790,Test product,1790
SKU1791,Product 1791,Test product,1791
SKU1792,Product 1792,Test product,1792
SKU1793,Product 1793,Test product,1793
SKU1794,Product 1794,Test product,1794
SKU1795,Product 1795,Test product,1795
SKU1796,Product 1796,Test product,1796
SKU1797,Product 1797,Test product,1797
SKU1798,Product 1798,Test product,1798
SKU1799,Product 1799,Test product,1799
SKU1800,Product 1800,Test product,1800
SKU1801,Product 1801,Test product,1801
SKU1802,Product 1802,Test product,1802
SKU1803,Product 1803,Test product,1803
SKU1804,Product 1804,Test product,1804
SKU1805,Product 1805,Test product,1805
SKU1806,Product 1806,Test product,1806
SKU1807,Product 1807,Test product,1807
SKU1808,Product 1808,Test product,1808
SKU1809,Product 1809,Test product,1809
SKU1810,Product 1810,Test product,1810
SKU1811,Product 1811,Test product,1811
SKU1812,Product 1812,Test product,1812
SKU1813,Product 1813,Test product,1813
SKU1814,Product 1814,Test product,1814
SKU1815,Product 1815,Test product,1815
SKU1816,Product 1816,Test product,1816
SKU1817,Product 1817,Test product,1817
SKU1818,Product 1818,Test product,1818
SKU1819,Product 1819,Test product,1819
SKU1820,Product 1820,Test product,1820
SKU1821,Product 1821,Test product,1821
SKU1822,Product 1822,Test product,1822
SKU1823,Product 1823,Test product,1823
SKU1824,Product 1824,Test product,1824
SKU1825,Product 1825,Test product,1825
SKU1826,Product 1826,Test product,1826
SKU1827,Product 1827,Test product,1827
SKU1828,Product 1828,Test product,1828
SKU1829,Product 1829,Test product,1829
SKU1830,Product 1830,Test product,1830
SKU1831,Product 1831,Test product,1831
SKU1832,Product 1832,Test product,1832
SKU1833,Product 1833,Test product,1833
SKU1834,Product 1834,Test product,1834
SKU1835,Product 1835,Test product,1835
SKU1836,Product 1836,Test product,1836
SKU1837,Product 1837,Test product,1837
SKU1838,Product 1838,Test product,1838
SKU1839,Product 1839,Test product,1839
SKU1840,Product 1840,Test product,1840
SKU1841,Product 1841,Test product,1841
SKU1842,Product 1842,Test product,1842
SKU1843,Product 1843,Test product,1843
SKU1844,Product 1844,Test product,1844
SKU1845,Product 1845,Test product,1845
SKU1846,Product 1846,Test product,1846
SKU1847,Product 1847,Test product,1847
SKU1848,Product 1848,Test product,1848
SKU1849,Product 1849,Test product,1849
SKU1850,Product 1850,Test product,1850
SKU1851,Product 1851,Test product,1851
SKU1852,Product 1852,Test product,1852
SKU1853,Product 1853,Test product,1853
SKU1854,Product 1854,Test product,1854
SKU1855,Product 1855,Test product,1855
SKU1856,Product 1856,Test product,1856
SKU1857,Product 1857,Test product,1857
SKU1858,Product 1858,Test product,1858
SKU1859,Product 1859,Test product,1859
SKU1860,Product 1860,Test product,1860
SKU1861,Product 1861,Test product,1861
SKU1862,Product 1862,Test product,1862
SKU1863,Product 1863,Test product,1863
SKU1864,Product 1864,Test product,1864
SKU1865,Product 1865,Test product,1865
SKU1866,Product 1866,Test product,1866
SKU1867,Product 1867,Test product,1867
SKU1868,Product 1868,Test product,1868
SKU1869,Product 1869,Test product,1869
SKU1870,Product 1870,Test product,1870
SKU1871,Product 1871,Test product,1871
SKU1872,Product 1872,Test product,1872
SKU1873,Product 1873,Test product,1873
SKU1874,Product 1874,Test product,1874
SKU1875,Product 1875,Test product,1875
SKU1876,Product 1876,Test product,1876
SKU1877,Product 1877,Test product,1877
SKU1878,Product 1878,Test product,1878
SKU1879,Product 1879,Test product,1879
SKU1880,Product 1880,Test product,1880
SKU1881,Product 1881,Test product,1881
SKU1882,Product 1882,Test product,1882
SKU1883,Product 1883,Test product,1883
SKU1884,Product 1884,Test product,1884
SKU1885,Product 1885,Test product,1885
SKU1886,Product 1886,Test product,1886
SKU1887,Product 1887,Test product,1887
SKU1888,Product 1888,Test product,1888
SKU1889,Product 1889,Test product,1889
SKU1890,Product 1890,Test product,1890
SKU1891,Product 1891,Test product,1891
SKU1892,Product 1892,Test product,1892
SKU1893,Product 1893,Test product,1893
SKU1894,Product 1894,Test product,1894
SKU1895,Product 1895,Test product,1895
SKU1896,Product 1896,Test product,1896
SKU1897,Product 1897,Test product,1897
SKU1898,Product 1898,Test product,1898
SKU1899,Product 1899,Test product,1899
SKU1900,Product 1900,Test product,1900
SKU1901,Product 1901,Test product,1901
SKU1902,Product 1902,Test product,1902
SKU1903,Product 1903,Test product,1903
SKU1904,Product 1904,Test product,1904
SKU1905,Product 1905,Test product,1905
SKU1906,Product 1906,Test product,1906
SKU1907,Product 1907,Test product,1907
SKU1908,Product 1908,Test product,1908
SKU1909,Product 1909,Test product,1909
SKU1910,Product 1910,Test product,1910
SKU1911,Product 1911,Test product,1911
SKU1912,Product 1912,Test product,1912
SKU1913,Product 1913,Test product,1913
SKU1914,Product 1914,Test product,1914
SKU1915,Product 1915,Test product,1915
SKU1916,Product 1916,Test product,1916
SKU1917,Product 1917,Test product,1917
SKU1918,Product 1918,Test product,1918
SKU1919,Product 1919,Test product,1919
SKU1920,Product 1920,Test product,1920
SKU1921,Product 1921,Test product,1921
SKU1922,Product 1922,Test product,1922
SKU1923,Product 1923,Test product,1923
SKU1924,Product 1924,Test product,1924
SKU1925,Product 1925,Test product,1925
SKU1926,Product 1926,Test product,1926
SKU1927,Product 1927,Test product,1927
SKU1928,Product 1928,Test product,1928
SKU1929,Product 1929,Test product,1929
SKU1930,Product 1930,Test product,1930
SKU1931,Product 1931,Test product,1931
SKU1932,Product 1932,Test product,1932
SKU1933,Product 1933,Test product,1933
SKU1934,Product 1934,Test product,1934
SKU1935,Product 1935,Test product,1935
SKU1936,Product 1936,Test product,1936
SKU1937,Product 1937,Test product,1937
SKU1938,Product 1938,Test product,1938
SKU1939,Product 1939,Test product,1939
SKU1940,Product 1940,Test product,1940
SKU1941,Product 1941,Test product,1941
SKU1942,Product 1942,Test product,1942
SKU1943,Product 1943,Test product,1943
SKU1944,Product 1944,Test product,1944
SKU1945,Product 1945,Test product,1945
SKU1946,Product 1946,Test product,1946
SKU1947,Product 1947,Test product,1947
SKU1948,Product 1948,Test product,1948
SKU1949,Product 1949,Test product,1949
SKU1950,Product 1950,Test product,1950
SKU1951,Product 1951,Test product,1951
SKU1952,Product 1952,Test product,1952
SKU1953,Product 1953,Test product,1953
SKU1954,Product 1954,Test product,1954
SKU1955,Product 1955,Test product,1955
SKU1956,Product 1956,Test product,1956
SKU1957,Product 1957,Test product,1957
SKU1958,Product 1958,Test product,1958
SKU1959,Product 1959,Test product,1959
SKU1960,Product 1960,Test product,1960
SKU1961,Product 1961,Test product,1961
SKU1962,Product 1962,Test product,1962
SKU1963,Product 1963,Test product,1963
SKU1964,Product 1964,Test product,1964
SKU1965,Product 1965,Test product,1965
SKU1966,Product 1966,Test product,1966
SKU1967,Product 1967,Test product,1967
SKU1968,Product 1968,Test product,1968
SKU1969,Product 1969,Test product,1969
SKU1970,Product 1970,Test product,1970
SKU1971,Product 1971,Test product,1971
SKU1972,Product 1972,Test product,1972
SKU1973,Product 1973,Test product,1973
SKU1974,Product 1974,Test product,1974
SKU1975,Product 1975,Test product,1975
SKU1976,Product 1976,Test product,1976
SKU1977,Product 1977,Test product,1977
SKU1978,Product 1978,Test product,1978
SKU1979,Product 1979,Test product,1979
SKU1980,Product 1980,Test product,1980
SKU1981,Product 1981,Test product,1981
SKU1982,Product 1982,Test product,1982
SKU1983,Product 1983,Test product,1983
SKU1984,Product 1984,Test product,1984
SKU1985,Product 1985,Test product,1985
SKU1986,Product 1986,Test product,1986
SKU1987,Product 1987,Test product,1987
SKU1988,Product 1988,Test product,1988
SKU1989,Product 1989,Test product,1989
SKU1990,Product 1990,Test product,1990
SKU1991,Product 1991,Test product,1991
SKU1992,Product 1992,Test product,1992
SKU1993,Product 1993,Test product,1993
SKU1994,Product 1994,Test product,1994
SKU1995,Product 1995,Test product,1995
SKU1996,Product 1996,Test product,1996
SKU1997,Product 1997,Test product,1997
SKU1998,Product 1998,Test product,1998
SKU1999,Product 1999,Test product,1999
SKU2000,Product 2000,Test product,2000
